Company Name,Website,Location,LinkedIn,Name
OpenPipe,https://openpipe.ai/,San Francisco,https://www.linkedin.com/in/kcorbitt,Kyle Corbitt
Orbio Earth,https://www.orbio.earth/,,https://www.linkedin.com/company/orbioearth/,Robert Huppertz
CodeStory,https://codestory.ai,"London, United Kingdom",https://www.linkedin.com/company/codestory-ai/,Sandeep Pani
Taylor AI,https://trytaylor.ai,San Francisco,https://www.linkedin.com/company/taylor-ai/about/,Brian Kim
Tempo Labs,https://www.tempolabs.ai/,"Toronto, Canada",https://www.linkedin.com/company/tempo-labs/,Kevin Michael
TrendUp,https://trendup.ai/,"Irvine, CA",https://www.linkedin.com/company/trendupai,Tim Jang
ztool,https://ztool.co/,New York,https://www.linkedin.com/company/ztool-co/,Jonas Nelle
truemetrics,https://www.truemetrics.io/,,https://www.linkedin.com/company/truemetricsio,truemetrics
Onward,https://onwardhq.com/,San Francisco,https://linkedin.com/company/withonward,Nikolas Huebecker
WalletKit,https://usewalletkit.com,New York,https://www.linkedin.com/company/walletkit,Tushar Soni
Lingtual,https://lingtual.com,,https://www.linkedin.com/company/autoinfra-ai/,Tejas Bhakta
Nowadays,http://getnowadays.com/,San Francisco,https://www.linkedin.com/company/getnowadays/about/,Anna Sun
Structured,https://www.structuredlabs.io/,San Francisco,https://www.linkedin.com/company/structuredlabs/,Amrutha Gujjar
Twine,http://www.usetwine.com,San Francisco,https://www.linkedin.com/company/twinelabs/,Anand Valavalkar
Axilla,https://axilla.io,San Francisco,https://www.linkedin.com/company/96310770,Nicholas Charriere
AiSDR,https://aisdr.com/,San Francisco,https://www.linkedin.com/company/aisdrapp/,Yuriy Zaremba
Giga ML,https://gigaml.com/,San Francisco,https://linkedin.com/company/giga-ai,Varun Vummadi
Sero AI,https://getsero.ai,"San Jose, CA",https://www.linkedin.com/company/seroai/,Ankur Rustagi
Affinity,https://itsaffinity.com,New York,https://www.linkedin.com/company/affinity-training,Faraz Rana
FlowiseAI,https://flowiseai.com,San Francisco,https://linkedin.com/in/zhenjing-heng-henry,Henry Heng
Shadeform,https://www.shadeform.ai/,San Francisco,https://www.linkedin.com/company/shadeformai/,Ed Goode
ten.dev,https://ten.dev,"Limerick, Ireland",https://www.linkedin.com/company/ten-dev/,Eoghan Mulcahy
Cargo,https://getcargo.io,"Paris, France",https://www.linkedin.com/company/cargo-hq,Aurelien Aubert
dili,https://diliai.com,New York,https://www.linkedin.com/company/dili-ai/,Stephanie Song
Trayd,https://www.buildtrayd.com/,New York,https://www.linkedin.com/company/buildtraydllc/,Anna Berger
Line.Build,https://www.line.build/,San Francisco,https://www.linkedin.com/company/line-build/,Stephanie Vasquez
ParadeDB,https://paradedb.com,New York,https://linkedin.com/company/paradedb,Philippe No√´l
Quill AI,https://quillai.com,New York,https://www.linkedin.com/company/quill-ai/,Gabriel Banks
Strada,https://www.getstrada.com/,San Francisco,https://www.linkedin.com/company/getstrada,Amir Prodensky
Octo,https://www.getocto.ai,"Tel Aviv-Yafo, Israel",https://www.linkedin.com/company/octoai,Ohad Navon
Tiptap,https://tiptap.dev/,"Berlin, Germany",https://www.linkedin.com/company/tiptapdev/,Philip Isik
RecipeUI,https://recipeui.com,New York,https://www.linkedin.com/company/recipeui/,Jeane Carlos
Fiber AI,https://fiber.ai/,San Francisco,https://www.linkedin.com/company/fiberai/,Adi Agashe
Monitaur,https://monitaur.xyz,"Las Vegas, NV",https://www.linkedin.com/company/monitaurxyz,Carlos Feliciano
Cedalio,https://cedalio.com/,San Francisco,https://www.linkedin.com/company/cedalio/,Luciana Reznik
Happyrobot,https://happyrobot.ai,San Francisco,https://www.linkedin.com/company/happyrobot/,Pablo Palafox
Movley,https://movley.com/,New York,https://www.linkedin.com/company/movley/,Sajag Agarwal
Sant√©,https://santehq.com/,New York,https://linkedin.com/in/darrenfike,Darren Fike
Langdock,https://langdock.com,"Berlin, Germany",https://www.linkedin.com/company/langdock/,Lennard Schmidt
Inventive AI,https://getinventive.ai/,Mountain View,https://www.linkedin.com/company/inventive-ai/,Dhiren Bhatia
Cyclone,https://www.usecyclone.dev/,New York,https://www.linkedin.com/company/98034694/admin/,Tony Yang
Fragment,https://checkfragment.com,"Paris, France",https://www.linkedin.com/company/checkfragment,Olivier Moindrot
Raz,https://www.tryraz.com,New York,https://www.linkedin.com/company/raz-ai,Rob Haber
sudocode,https://sudocode.ai/&referrer=ycombinator.com,Mountain View,https://www.linkedin.com/company/95035183/,Randy Song
Sweep,https://sweep.dev/,San Francisco,https://www.linkedin.com/company/95674114/,William Zeng
Silimate,https://www.silimate.com,Mountain View,https://linkedin.com/in/annwuhoo,Ann Wu
ProdTrace,https://www.prodtrace.com/,San Francisco,https://www.linkedin.com/company/prodtrace-ai/,Saelig Khattar
Inari,https://useinari.com,New York,https://www.linkedin.com/company/98071724/,Frank Lee
Roundtable,https://roundtable.ai,"Princeton, NJ",https://www.linkedin.com/company/roundtable-ai,Mayank Agrawal
Chatter,https://www.trychatter.ai/,"Philadelphia, PA",https://www.linkedin.com/company/trychatter/,Anish Agrawal
Trench,http://trytrench.com,San Francisco,https://linkedin.com/company/trytrench,Max Wu
VectorShift,https://www.vectorshift.ai,,https://www.linkedin.com/company/vectorshift/,Alexander Leonardi
SafetyKit,https://www.getsafetykit.com/,San Francisco,https://linkedin.com/in/david-graunke-46790429,David Graunke
Baserun,https://baserun.ai,San Francisco,https://www.linkedin.com/company/baserun,Effy Zhang
Automorphic,https://automorphic.ai/,San Francisco,https://www.linkedin.com/company/automorphic,Govind Gnanakumar
Sola,https://www.sola-solutions.com/,San Francisco,https://www.linkedin.com/company/98128293/,Jessica Wu
Vango AI,https://vango.ai/,"Berkeley, CA",https://www.linkedin.com/in/eshaan-moorjani,Eshaan Moorjani
Inlet,https://getinlet.ai,New York,https://www.linkedin.com/company/inletai,Sean Adler
Converge,http://www.runconverge.com,San Francisco,https://www.linkedin.com/company/81685997/,Jan-Henrik Lambrechts
CambioML,https://www.cambioml.com/,"San Jose, CA",https://www.linkedin.com/company/96598226,Rachel Hu
Osium AI,https://osium.ai/,"Paris, France",https://www.linkedin.com/company/osiumai,Sarah Najmark
Onnix,https://www.onnix.ai,New York,https://www.linkedin.com/company/onnixai/,Mrinal Singh
Kobalt Labs,https://www.kobaltlabs.com/,New York,https://www.linkedin.com/company/kobalt-labs/,Kalyani Ramadurgam
Trainy,https://trainy.ai/,San Francisco,https://www.linkedin.com/company/trainy-ai/about/,Roanak Baviskar
MantleBio,https://www.mantlebio.com,,https://www.linkedin.com/company/mantlebio/,MantleBio
Pincites,https://www.pincites.com/,San Francisco,https://www.linkedin.com/company/pincites,Sona Sulakian
Apoxy,https://apoxy.dev,San Francisco,https://www.linkedin.com/company/apoxy/,Matt Ward
sizeless,https://www.sizeless.co,San Francisco,https://linkedin.com/in/rogerdb,Roger de Belsunce
Quack AI,https://www.quack-ai.com/,"Paris, France",https://www.linkedin.com/company/quackai,F-G Fernandez
Continue,https://continue.dev,San Francisco,https://www.linkedin.com/company/continuedev,Ty Dunn
Letter AI,https://www.letter.ai,"Chicago, IL",https://www.linkedin.com/company/tractatus-ai,Ali Akhtar
Guac,https://www.tryguac.co/,San Francisco,https://www.linkedin.com/company/tryguac,Euro Wang
Casehopper,http://www.casehopper.com,,https://www.linkedin.com/company/casehopper/,Anuhya Vajapey
Aglide,https://aglide.com,"London, United Kingdom",https://www.linkedin.com/company/aglide,Patrick D. McGuckian
Vizly,https://vizly.fyi/,San Francisco,https://linkedin.com/in/ali-shobeiri,Ali Shobeiri
Haven,https://haven.run,"Berlin, Germany",https://www.linkedin.com/company/haven-ml,Justus Mattern
Metalware,https://www.getmetalware.com/,San Francisco,https://linkedin.com/companies/getmetalware,Ryan Chow
Upstream,https://www.upstream.do/,"Paris, France",https://www.linkedin.com/company/upstreamdo,Louis Lecat
RightPage,https://rightpage.com,Boston,https://www.linkedin.com/company/right-page/,Michael Brady
Egress,https://tryegress.com,San Francisco,https://www.linkedin.com/in/matthewkiflu/,Matthew Kiflu
Surface Labs,https://withsurface.com,San Francisco,https://linkedin.com/company/surface-labs,Saharsh Agrawal
Unhaze,https://unhaze.ai,"Copenhagen, Denmark",https://www.linkedin.com/company/unhaze/,Jacob Lauritzen
CandorIQ,https://www.candoriq.com/,San Francisco,https://www.linkedin.com/company/candoriq/,Haris Ikram
refine,https://refine.dev,"Istanbul, Turkey",https://www.linkedin.com/company/81566498/,Civan Ozseyhan
Sidenote,https://www.sidenote.ai,San Francisco,https://www.linkedin.com/company/96152063,Jason Lin
Epsilla,https://www.epsilla.com/,"Jersey City, NJ",https://www.linkedin.com/company/epsilla/,Richard Song
Hidden Hand,https://www.hiddenhand.io/,San Francisco,https://www.linkedin.com/company/hidden-hand,Hidden Hand
Neum AI,https://neum.ai,"Seattle, WA",https://www.linkedin.com/company/91428362/admin/,David de Matheu
Wyvern AI,https://www.wyvern.ai/,San Francisco,https://www.linkedin.com/company/95726232,Suchintan Singh
Telophase,https://telophase.dev,New York,https://linkedin.com/in/ethanblackburn,Ethan Blackburn
Transformity,https://transformity.tech/,,https://www.linkedin.com/company/transformitytech,Param Bidja
AutoEmber,https://autoember.com,San Francisco,https://www.linkedin.com/company/autoember/?viewAsMember=true,Ben Shumaker
FleetWorks,https://fleetworks.ai,New York,https://www.linkedin.com/company/94275825/,Paul Singer
Latentspace,https://latentspace.dev,"London, United Kingdom",https://www.linkedin.com/company/latentspacedev,Qasim Munye
Ergomake,https://ergomake.dev,"S√£o Paulo, Brazil",https://www.linkedin.com/company/ergomake/,Lucas da Costa
Hegel AI,https://hegel-ai.com,San Francisco,https://www.linkedin.com/company/hegel-ai/,Steven Krawczyk
Outset,https://outset.ai/,San Francisco,https://www.linkedin.com/company/outset-ai/,Outset
Serra,https://www.serra.io/,San Francisco,https://www.linkedin.com/company/serraio/,Alan Wang
Corgea,https://www.corgea.com/,San Francisco,https://www.linkedin.com/company/corgea/,Ahmad Sadeddin
Terminal,https://www.withterminal.com/,"Toronto, Canada",https://www.linkedin.com/company/terminal-api,Raghav Midha
Martola,http://www.marto.la,San Francisco,https://linkedin.com/in/walsallami,Wael Al Sallami
Arcimus,https://www.arcimus.com/,San Francisco,https://www.linkedin.com/company/arcimus/,Hussein Syed
Docsum,https://www.docsum.ai/,San Francisco,https://www.linkedin.com/company/docsum,Shaunak Turaga
Kite,https://kite.video,San Francisco,https://www.linkedin.com/company/kitevideo,Derek Feehrer
Bronco AI,https://www.bronco.ai/,San Francisco,https://www.linkedin.com/company/bronco-ai,David Zhi LuoZhang
Agentive,https://www.goagentive.com,San Francisco,https://www.linkedin.com/company/goagentive,Daniel Alberson
order.link,https://www.order.link,"Munich, Germany",https://www.linkedin.com/company/orderlink,Lucas Spreiter
Parea,https://www.parea.ai,New York,https://www.linkedin.com/company/parea-ai,Joel Alexander
Campfire,https://meetcampfire.com/,,https://www.linkedin.com/company/95696443,John Glasgow
Alguna,https://alguna.io,San Francisco,https://www.linkedin.com/company/algunahq/,Aleks ƒêekiƒá
SID,https://www.sid.ai,San Francisco,https://www.linkedin.com/company/sidai/,Maximilian-David Rumpf
Cerelyze,https://cerelyze.com,New York,https://www.linkedin.com/company/cerelyze,Sarang Zambare
Spine AI,https://www.getspine.ai,San Francisco,https://www.linkedin.com/company/spine-ai,"Founding Engineer, AI / Backend"
DSensei,https://www.dsensei.app,"San Mateo, CA",https://linkedin.com/in/yulong-liu-b4b96b16,Yulong Liu
Subsets,https://www.subsets.com,"Copenhagen, Denmark",https://linkedin.com/company/subsets,Martin Johnsen
Mira,https://www.usemira.ai,San Francisco,https://www.linkedin.com/company/poozle/,Harshith Mullapudi
Magik,https://www.usemagik.com/,,https://linkedin.com/in/daniel-ruiz-a73818aa,Daniel Ruiz
Revamp,https://www.getrevamp.ai,San Francisco,https://www.linkedin.com/company/revamp-ai,Amin Akhtar
DataShare,http://datashare.co/,"Austin, TX",https://www.linkedin.com/company/withdatashare/about/,Brian Brunner
Airgoods,https://airgoods.com/,New York,https://www.linkedin.com/company/airgoods,Aaron Farr
Talc,https://talc.ai,"Seattle, WA",https://linkedin.com/in/mattllee,Matt Lee
Solve Intelligence,https://www.solveintelligence.com/,San Francisco,https://www.linkedin.com/company/solve-intelligence/,Chris Parsonson
askLio,https://www.asklio.ai,San Francisco,https://www.linkedin.com/company/lio-ai/,Vladi Keil
"Every, Inc.",https://every.io/,San Francisco,https://www.linkedin.com/company/everybanking/,Rajeev Behera
Contour,https://trycontour.com,San Francisco,https://www.linkedin.com/company/contourai/,Arvind Subramanian
atla,https://www.atla-ai.com/,"London, United Kingdom",https://www.linkedin.com/company/atla-ai,Maurice Burger
Humanlike,https://humanlike.app/,San Francisco,https://www.linkedin.com/company/humanlike,Andy Qin
Hyperlight,https://hyperlight.ai/,New York,https://www.linkedin.com/company/hyperlight,Alec Xiang
Cedana,https://cedana.ai,New York,https://www.linkedin.com/company/cedanacorp/,Cedana
Zelos Cloud,https://zeloscloud.io,,https://www.linkedin.com/company/zeloscloud/,Michael Jaradah
Intelliga,https://intelligahealth.com,,https://linkedin.com/in/isaiah-n-granet,Intelliga
Remy Security,https://www.remysec.com/,San Francisco,https://linkedin.com/company/remysec,Sten Sj√∂berg
Sweetspot,https://www.sweetspot.so/,"Austin, TX",https://www.linkedin.com/company/sweetspothq/,Sachin Subramanian
Magic Loops,https://magicloops.dev,San Francisco,https://www.linkedin.com/company/magicloops,Adam Williams
Linc.,https://www.linc-ai.com/,San Francisco,https://linkedin.com/company/linc-ai,Rahul Prakash
Watto AI,https://www.watto.ai,San Francisco,https://www.linkedin.com/company/watto-ai,Rishabh Panwar
Dioxus Labs,https://dioxuslabs.com,San Francisco,https://www.linkedin.com/company/dioxus-labs/,Jonathan Kelley
Hyperbound,https://hyperbound.ai,New York,https://www.linkedin.com/company/hyperbound-ai/about/?viewAsMember=true,Sriharsha Guduguntla
Deasie,https://www.deasie.com/,New York,https://www.linkedin.com/company/deasie,Reece Griffiths
Mano AI,https://www.usemano.com/,New York,https://www.linkedin.com/company/95959850,Nicolas Raga
Metoro,https://metoro.io,San Francisco,https://www.linkedin.com/company/98393849,Chris Battarbee
Xeol,https://www.xeol.io/,New York,https://www.linkedin.com/company/xeol,ShiHan Wan
Twenty,https://twenty.com,"Paris, France",https://www.linkedin.com/company/twenty/,F√©lix Malfait
Nectar,https://nectarclimate.com,New York,https://www.linkedin.com/company/nectarclimate,Allen Wang
Reworkd AI,https://reworkd.ai,San Francisco,https://www.linkedin.com/company/reworkd,Asim Shrestha
Leafpress,https://www.leafpress.io,San Francisco,https://linkedin.com/in/devishijha,Devishi Jha
Kino AI,https://trykino.com,,https://www.linkedin.com/company/kino-ai/,Wesley Block
kapa.ai,https://www.kapa.ai/,"Copenhagen, Denmark",https://linkedin.com/in/sorensenemil,Emil Soerensen
Tremor,https://platform.tremor.so,"Z√ºrich, Switzerland",https://www.linkedin.com/company/tremor-so,Achilleas Mitrotasios
PeerDB,https://peerdb.io/,,https://www.linkedin.com/company/peerdb,Founding Full-Stack Engineer (front-end focus)
Artie,https://www.artie.so/,San Francisco,https://www.linkedin.com/company/artie-technologies/,Artie
HockeyStack,https://hockeystack.com,San Francisco,https://www.linkedin.com/company/hockeystack,Account Executive
Vaero,https://vaero.co,San Francisco,https://www.linkedin.com/company/vaerohq,Bryant Lee
Yuma,https://yuma.ai,,https://www.linkedin.com/company/yuma-ai/,Yuma
Pierre,https://heypierre.app,New York,https://www.linkedin.com/in/ian-ownbey-4aa5ba117,Jacob Thornton
moonrepo,https://moonrepo.dev,"Portland, OR",https://www.linkedin.com/company/moonrepo/,Miles Johnson
Automat (formerly lasso),https://www.runautomat.com/,San Francisco,https://www.linkedin.com/company/90558949/admin/,Automat (formerly lasso)
SpecCheck,https://www.speccheckrx.com/,"Los Angeles, CA",https://www.linkedin.com/company/speccheck/,Joe DeMaria
SpeedyBrand,https://speedybrand.io,,https://www.linkedin.com/company/89983427/,Jatin Mehta
Finta,https://www.finta.com/,San Francisco,https://www.linkedin.com/company/finta/,Andy Wang
BerriAI,https://github.com/BerriAI/litellm,San Francisco,https://www.linkedin.com/company/berri-ai/,Krrish Dholakia
Cercli,https://www.cercli.com,"Dubai, United Arab Emirates",http://www.linkedin.com/company/cercli,Akeed Azmi
Upfront,https://knowupfront.com,,https://www.linkedin.com/company/knowupfront,Thomas Stephens
Warp,https://www.joinwarp.com/,New York,https://www.linkedin.com/company/joinwarp/,Ayush Sharma
Second,https://www.second.dev,,https://www.linkedin.com/company/secondhq,Eric Rowell
Atri Labs,https://atrilabs.com,San Francisco,https://www.linkedin.com/company/atri-labs/,Darshita Chaturvedi
Vendora,https://www.vendora.io/,New York,https://www.linkedin.com/company/getvendora,Sunny Singh
Lightski,https://www.lightski.com,San Francisco,https://www.linkedin.com/company/lightski/,Hansen Qian
Type,https://type.ai,,https://www.linkedin.com/in/stew-fortier-7422b829/,Type
Meru,https://usemeru.com,San Francisco,http://www.linkedin.com/in/meetrohanarora,Machine Learning Architect
Persana AI,https://www.persana.ai/,San Francisco,https://www.linkedin.com/company/persana-ai/?viewAsMember=true,Sriya Maram
Serial,https://www.serial.io/,San Francisco,https://www.linkedin.com/company/serialmfg/,Tak Alguire
Kyber,https://askkyber.com,,https://www.linkedin.com/company/ask-kyber/,Kyber
Escape,https://escape.tech,"Paris, France",https://www.linkedin.com/company/escapetech,Data Scientist Algorithm Engineer
Koala Ops,https://koalaops.com/,"Tel Aviv-Yafo, Israel",https://www.linkedin.com/company/koala-ops,Nadav Erell
Metal,https://getmetal.io/,New York,https://www.linkedin.com/company/getmetal/about/,Taylor Lowe
Texel.ai,https://texel.ai,"Austin, TX",https://www.linkedin.com/company/texel-ai,Rahul Sheth
Vector,https://vector.co,Boston,https://www.linkedin.com/company/getvector,Joshua Perk
Pier,http://www.pier-finance.com,San Francisco,https://www.linkedin.com/company/pier-finance/,Head of Compliance
AiFlow,https://aiflow.solutions,San Francisco,https://www.linkedin.com/company/aiflow-inc,Nicholas Manske
highlight.io,https://www.highlight.io/,"Irvine, CA",https://www.linkedin.com/company/highlightrun,Jay Khatri
Luca,https://www.askluca.com/,San Francisco,https://www.linkedin.com/company/lucasoftware/,Tanvi Surti
Drift Bio,https://driftbio.com,San Francisco,https://www.linkedin.com/company/drift-bio,Evan Zimmerman
Fabius,https://fabius.io,San Francisco,https://www.linkedin.com/company/fabius-technologies/,Neil Madsen
Vocode,https://vocode.dev,San Francisco,https://www.linkedin.com/company/vocode-dev/about/,Vocode
Vellum,https://www.vellum.ai/,,https://www.linkedin.com/company/vellumai/,Vellum
BabylonAI,https://babylonai.dev,"Z√ºrich, Switzerland",https://www.linkedin.com/company/babylonai/,Rangel Milushev
Berry,https://berryapp.io/yc,San Francisco,https://www.linkedin.com/company/berryhq/,Yan Fu
Conduit,http://helloconduit.com,San Francisco,https://www.linkedin.com/company/getconduit/,Conduit
Codeparrot,https://www.codeparrot.ai/,"Bengaluru, India",https://www.linkedin.com/company/codeparrotai,Royal Jain
SuperAPI,https://trysuperapi.com,"Chennai, India",https://www.linkedin.com/in/adithya-kavuluru/,Adithya Kavuluru
Fern,https://www.buildwithfern.com,New York,https://www.linkedin.com/company/88002225,Fern
Unstatiq,https://,San Francisco,https://www.linkedin.com/in/sachinjaishankar,Sachin Jaishankar
Resend,https://resend.com,San Francisco,https://linkedin.com/company/resend,Zeno Rocha
Common Paper,https://commonpaper.com/,"Philadelphia, PA",https://www.linkedin.com/company/common-paper,Benjamin Garvey
Dill,https://usedill.com/,,https://www.linkedin.com/in/catherinehuijiang,Dill
DealPage,https://www.dealpage.ai/,New York,https://www.linkedin.com/company/dealpageai/,Ani Gottiparthy
Thread,http://www.usethread.io,New York,https://www.linkedin.com/company/thread-incorporated/,Yuheng Wang
Sorted,https://www.sorted.tools,"Copenhagen, Denmark",https://www.linkedin.com/company/sortedtools/,Adam Ingwersen
DAGWorks Inc.,https://www.dagworks.io/,San Francisco,https://www.linkedin.com/company/dagworks-inc/,Stefan Krawczyk
Swishjam,https://swishjam.com,"Los Angeles, CA",https://www.linkedin.com/company/swishjam,Collin Schneider
Invopop,https://www.invopop.com/,"Madrid, Spain",https://www.linkedin.com/company/invopop/,Juan Moliner Malaxechevarr√≠a
Turntable,https://www.turntable.so,New York,https://www.linkedin.com/company/turntabledata,Turntable
CorgiAI,https://www.corgiai.net,,https://www.linkedin.com/company/corgiai,CorgiAI
Keep,https://www.keephq.dev,"Tel Aviv-Yafo, Israel",https://www.linkedin.com/company/keepalerting,Tal Borenstein
PlayHT,https://play.ht/,Mountain View,https://www.linkedin.com/company/play-ht/,Senior Machine Learning Engineer/Researcher at PlayHT (YC W23)
Planar,https://www.useplanar.com,New York,https://www.linkedin.com/in/eshanagarwal/,Eshan Agarwal
Pylon,https://www.usepylon.com/,San Francisco,https://www.linkedin.com/company/usepylon/,Pylon
Muffin Data,http://www.muffindata.com,,https://www.linkedin.com/in/andres-s-recalde,Andres Recalde
Peeba,http://peeba.com/,"Hong Kong, Hong Kong",https://www.linkedin.com/company/peeba,Account Executive
inBuild,https://www.inbuild.ai/,"Wilmington, DE",https://www.linkedin.com/company/inbuildai,Performance Marketing Manager
Mantys,https://www.mantys.io/,"Bengaluru, India",https://www.linkedin.com/company/82542033/,Kriti Arora
Coldreach,https://coldreach.ai/,San Francisco,https://www.linkedin.com/company/coldreach/,Xiaohan Shen
MagnaPlay,https://magnaplay.com,"S√£o Paulo, Brazil",https://www.linkedin.com/company/magnaplay/,Pedro Esteves
Onu,https://joinonu.com,New York,https://www.linkedin.com/company/joinonu/,Lindsey Redd
Sirdab,https://sirdab.co/en,"Riyadh, Saudi Arabia",https://www.linkedin.com/company/usesirdab,Software Engineer
Baselit,https://www.baselit.ai,,https://www.linkedin.com/company/baselit/,Sahil Singla
Clueso,https://clueso.io,"Bengaluru, India",https://www.linkedin.com/company/clueso,Akash Anand
Fastgen,https://fastgen.com,New York,https://www.linkedin.com/in/mikemahlkow/,Mike Mahlkow
Defer,https://www.defer.run,"Paris, France",https://www.linkedin.com/company/defer-inc,Charly POLY
Arroyo,https://www.arroyo.dev,"Berkeley, CA",https://www.linkedin.com/in/wylde/,Micah Wylde
Tailorr,https://,"Haifa, Israel",https://www.linkedin.com/in/tal-feld-profile/,Tal Feld
UpTrain AI,https://uptrain.ai/,"Bengaluru, India",https://www.linkedin.com/company/uptrain-ai,Sourabh Agrawal
keyval,https://keyval.dev,,https://www.linkedin.com/company/keyval/,keyval
Waveline,https://waveline.ai/,"Z√ºrich, Switzerland",https://www.linkedin.com/company/waveline-ai,Jan Schnyder
Hona (formerly Milestones),http://hona.com,"American Fork, UT",https://www.linkedin.com/company/honasoftware,Manny Griffiths
Noya Software,https://noya.io,San Francisco,https://www.linkedin.com/company/noya-software,Devin Abbott
Psychic,https://www.psychic.dev,San Francisco,https://www.linkedin.com/company/89833028/,Jason Fan
Honeydew,https://honeydew.ai,"Tel Aviv-Yafo, Israel",https://www.linkedin.com/company/honeydewai/,David Krakov
Sherloq,http://sherloqdata.io/,"Tel Aviv-Yafo, Israel",https://www.linkedin.com/company/sherloqdata/,Noy Twerski
SPRX,https://sprx.tax,,https://www.linkedin.com/company/sprx-technologies/,Dominic Vitucci
SensorSurf,https://www.sensorsurf.com,San Francisco,https://www.linkedin.com/company/sensorsurf/,Alec Bell
Semantic Finance,https://semanticfinance.com,San Francisco,https://www.linkedin.com/in/joshua-ying-7a0032138/,Joshua Ying
Defog.ai,https://defog.ai,"Singapore, Singapore",https://www.linkedin.com/company/defog-ai/,Rishabh Srivastava
Gloo,https://www.trygloo.com/,"Seattle, WA",https://www.linkedin.com/in/vaigup/,Vaibhav Gupta
FiddleCube,https://fiddlecube.ai/,San Francisco,https://www.linkedin.com/company/fiddlecube/,Neha Nupoor
Portalform,https://portalform.com,,https://www.linkedin.com/in/felipearp/,Portalform
Fintool,https://www.fintool.com/,San Francisco,https://www.linkedin.com/company/fintoolx,Nicolas Bustamante
Intrinsic,https://withintrinsic.com,,https://www.linkedin.com/company/intrinsicsecurity,Intrinsic
Ariglad,https://www.ariglad.com/,"Vancouver, Canada",https://www.linkedin.com/company/leaveaspotlight-inc/,Sophie Wyne
Helicone,https://www.helicone.ai/,San Francisco,https://www.linkedin.com/company/92878545,Scott Nguyen
IcePanel,https://icepanel.io,"Vancouver, Canada",https://www.linkedin.com/company/icepanel/,Jacob Shadbolt
Magicflow êÇÇ,https://magicflow.ai,"Tel Aviv-Yafo, Israel",https://linkedin.com/in/yardenst,Yarden Shem Tov
1stCollab,https://1stcollab.com/,San Francisco,https://www.linkedin.com/company/1stcollab,Leon Lin
Teclada,https://www.teclada.com/,"Sunnyvale, CA",https://linkedin.com/company/teclada,David Fiala
GoodCourse,https://www.goodcourse.co,"London, United Kingdom",https://www.linkedin.com/company/goodcourse,Chris Mansfield
TableFlow,https://tableflow.com,San Francisco,https://www.linkedin.com/company/tableflowhq,Mitch Patin
Truewind,https://www.truewind.ai/,San Francisco,https://www.linkedin.com/company/truewindai/,Truewind
Booth AI,https://booth.ai,,https://www.linkedin.com/company/booth-ai/,Booth AI
BuildJet,https://buildjet.com,"Berlin, Germany",https://www.linkedin.com/company/buildjet/,Adam Shiervani
ShortLoop,https://shortloop.dev/,"Bengaluru, India",https://www.linkedin.com/company/shortloop/,ShortLoop
Wild Moose,https://wildmoose.ai,San Francisco,https://www.linkedin.com/company/wild-moose-ai,Yasmin Dunsky
EzDubs,http://www.ezdubs.ai,San Francisco,https://www.linkedin.com/in/padmanabhan-krishnamurthy/,Padmanabhan Krishnamurthy
GradientJ,https://www.gradientj.com,"Austin, TX",https://www.linkedin.com/company/gradientj/,Oscar A. Martinez
Inkeep,https://inkeep.com,New York,https://www.linkedin.com/company/inkeep/,Nick Gomez
OpenMeter,https://openmeter.io,"Budapest, Hungary",https://www.linkedin.com/company/tailfin-cloud,Peter Marton
Propify,https://getpropify.com,Boston,https://www.linkedin.com/company/getpropify/,Remen Okoruwa
Iliad,https://iliad.ai,"Pittsburgh, PA",https://www.linkedin.com/in/matthew-turnshek-4bb618174/,Matthew Turnshek
Squack,http://squack.io,San Francisco,https://www.linkedin.com/in/elijah-sorey-12aa01108/,Preston Zhou
Floworks,https://floworks.ai/,San Francisco,https://www.linkedin.com/company/floworkssolutions,Sarthak Shrivastava
Extend,https://www.extend.app/,San Francisco,https://www.linkedin.com/company/extend-app,Extend
Langfuse,https://langfuse.com,"Berlin, Germany",https://www.linkedin.com/company/langfuse,Marc Klingen
Outerbase,https://www.outerbase.com,"Pittsburgh, PA",https://www.linkedin.com/company/outerbase,Brandon Strittmatter
Anarchy,https://anarchy.ai,"Z√ºrich, Switzerland",https://www.linkedin.com/company/extensional/,Compilers/MLOps Internship
Dream3D,https://dream3d.com,New York,http://linkedin.com/in/tony-f,Dream3D
Intently,https://www.getintently.ai/,,https://www.linkedin.com/company/intentlyai/,Slava Solonitsyn
Haven,https://www.yourhaven.app/,"Austin, TX",https://www.linkedin.com/in/juan-burgos-0527391b8/,Juan Burgos
Suger,https://www.suger.io/,"San Mateo, CA",https://www.linkedin.com/company/suger-inc,Suger
Frigade,https://frigade.com,San Francisco,https://www.linkedin.com/company/frigade,Eric Brownrout
0pass,https://0pass.com,,https://www.linkedin.com/company/0pass/,Noah Stanford
PoloPay,https://polopay.co/,"Monterrey, Mexico",https://www.linkedin.com/company/81905131/admin/,Andres Richardson
Cloudchipr,https://cloudchipr.com/,"Berlin, Germany",https://www.linkedin.com/company/cloudchipr,Ashot Ayvazyan
Magik,https://magiklabs.app,,https://www.linkedin.com/company/magik-labs,Magik
Chart,https://getcharteditor.com,New York,https://www.linkedin.com/in/fatih-celikbas,Fatih Celikbas
Bujeti,https://www.bujeti.com,"Lagos, Nigeria",https://www.linkedin.com/company/bujeti,Achille AROUKO
Index,https://index.inc,San Francisco,https://www.linkedin.com/in/christian-iacullo,Simon Kubica
Buildt,http://www.buildt.ai,San Francisco,https://www.linkedin.com/company/buildt-ai/,Buildt
Flower,https://flower.dev,"Hamburg, Germany",https://www.linkedin.com/company/flwrlabs,Daniel J. Beutel
LinkGrep,https://linkgrep.com,San Francisco,https://www.linkedin.com/company/linkgrep/,Divyagnan Kandala
Bluebirds,https://www.bluebirds.ai,San Francisco,https://www.linkedin.com/in/rohanpunamia/,Rohan Punamia
Neptyne,https://neptyne.com,New York,https://www.linkedin.com/company/neptyne/,Douwe Osinga
Vooma,https://www.vooma.ai,San Francisco,https://www.linkedin.com/company/vooma-inc,Vooma
CreatorML,https://creatorml.com/,New York,https://www.linkedin.com/company/creatorml,Charles Weill
Coperniq,https://coperniq.io,San Francisco,http://www.linkedin.com/company/69833957,Senior Full Stack Engineer (Backend Focused)
Zenfetch,https://www.zenfetch.com/,New York,https://www.linkedin.com/company/zenfetch/,Akash Mandavilli
PoplarML,http://poplarml.com,San Francisco,https://www.linkedin.com/company/poplarml/,Danna Liu
LaunchFlow,https://launchflow.com/,,https://www.linkedin.com/in/josh-tanke,Josh Tanke
FlexWash,https://www.flexwashtech.com/,"Temecula, CA",https://www.linkedin.com/company/flexwashtech/about/,Karan Toor
Gluetrail,https://www.gluetrail.com,"Paris, France",https://www.linkedin.com/company/gluetrail/,Anne-Charlotte Chauvet
OfOne,https://www.of.one,,https://www.linkedin.com/company/of-one/,OfOne
Narrative,https://www.trynarrative.com/,,https://www.linkedin.com/company/trynarrative/,Suchit Dubey
Omnistrate,http://www.omnistrate.com,"Redwood City, CA",https://www.linkedin.com/company/omnistrate/,Sales Development Representative
Tennr,https://www.tennr.com,,https://www.linkedin.com/company/elegantcc/?viewAsMember=true,Trey Holterman
Cakework,https://www.cakework.com,"Seattle, WA",https://www.linkedin.com/company/usecakework,Jessie Young
EdgeBit,https://edgebit.io,,https://www.linkedin.com/company/edgebit/,Rob Szumski
ZeroDev,https://zerodev.app/,New York,https://www.linkedin.com/in/derekchiang93/,Derek Chiang
Mirio,https://www.trymirio.com/,New York,-,David Correa Orozco
Double,https://usedouble.com,"Redwood City, CA",https://www.linkedin.com/company/double-ai,Wesley Yue
Numeral,https://numeralhq.com/,"Los Angeles, CA",https://www.linkedin.com/company/numeralhq,Numeral
Rubber Ducky Labs,https://www.rubberduckylabs.io/,San Francisco,https://www.linkedin.com/company/rubber-ducky-labs,Alexandra Johnson
Nango,https://nango.dev,,https://www.linkedin.com/company/nangohq,Robin Guldener
Parabolic,https://www.growparabolic.com/,San Francisco,https://www.linkedin.com/in/sviragi/,Shub Viragi
CodeComplete,https://codecomplete.ai,,https://www.linkedin.com/company/codecomplete-ai/,CodeComplete
Hammr,https://www.hammr.com,San Francisco,https://www.linkedin.com/company/hammr/,Brek Goin
Fabra,https://www.fabra.io,San Francisco,https://www.linkedin.com/company/fabra,Cole Cable
Trackstar,https://www.trackstarhq.com/,New York,https://www.linkedin.com/company/trackstarhq,Jeremy Schneck
Nebula,https://www.trynebula.com/,San Francisco,https://www.linkedin.com/company/trynebula/,Shanelle Roman
FlexDesk,https://www.flexdesk.com/,New York,https://www.linkedin.com/company/flexdesk-workspace/,Clark Jacobs
Rosettic,https://rosettic.com,,https://www.linkedin.com/company/rosettic/,Rosettic
Pyq AI,https://www.pyqai.com,"Seattle, WA",https://www.linkedin.com/company/pyq-inc/,Aman Raghuvanshi
Backdrop (previously Twig),https://www.joinbackdrop.com,San Francisco,https://www.linkedin.com/company/joinbackdrop/,Akanksha Singh
Viddy,https://www.viddyapp.io/,New York,https://www.linkedin.com/company/viddyapp,Harris Gani
Lume,https://www.lume.ai,New York,https://www.linkedin.com/company/lume-ai/,Robert Ross
Resync,https://resync.ai,New York,https://www.linkedin.com/company/resync-ai,Ethan Bond
Pigeon,https://www.pigeondocuments.com/,,https://www.linkedin.com/company/pigeon-documents,Adam Bulow
Paperplane,https://www.paperplane.ai/,New York,https://www.linkedin.com/company/paperplaneai,Daniel Kwak
Depot,https://depot.dev,"Montpellier, France",https://www.linkedin.com/company/depot-technologies,Kyle Galbraith
Rollstack,https://www.rollstack.io/,New York,https://www.linkedin.com/company/rollstack,Rollstack
Mirrorful,https://www.mirrorful.com/,San Francisco,https://www.linkedin.com/company/mirrorful,Alex Danilowicz
Credal.ai,https://credal.ai,New York,https://www.linkedin.com/company/91502554/,Ravin Thambapillai
Layup,http://www.layupai.com,New York,https://www.linkedin.com/company/layupai/,Ryan Xue
Doctor Droid,https://drdroid.io/,San Francisco,https://www.linkedin.com/company/dr-droid/,Siddarth Jain
Syncly,https://syncly.app/,Boston,https://www.linkedin.com/company/synclyhq/,Joseph Lee
AvenHQ,https://avenhq.com/,, ,Fatma Akcay
Versori,https://www.versori.com/,"Manchester, United Kingdom",https://www.linkedin.com/company/versor,Sean Brown
Trigger.dev,https://trigger.dev,"London, United Kingdom",https://www.linkedin.com/company/triggerdotdev/,Matt Aitken
rift,https://getrift.com,San Francisco,https://www.linkedin.com/company/rifthq/,Fil Twarowski
Traceloop,https://www.traceloop.com,"Tel Aviv-Yafo, Israel",https://www.linkedin.com/company/traceloop/,Nir Gazit
Matano,https://www.matano.dev,"Seattle, WA",https://www.linkedin.com/company/matanolabs/,Samrose Ahmed
Cardinal,http://cardinalapp.io,"Austin, TX",http://linkedin.com/company/cardinalappio,Wiz üëãüèª
Reflex,https://reflex.dev,San Francisco,https://www.linkedin.com/company/reflex-dev,Nikhil Rao
Blyss,https://blyss.dev/,San Francisco,https://www.linkedin.com/company/blyssprivacy/,Samir Menon
Shyp,http://shyp.co.in/,,https://www.linkedin.com/company/shypindia,Shyp
Blocksfabrik,https://www.blocksfabrik.com/,,https://www.linkedin.com/company/blocksfabrik/,Alexandru Antihi
Stack AI,https://stack-ai.com/,San Francisco,https://www.linkedin.com/company/stackai/,Stack AI
Middleware,https://www.middleware.io,,https://www.linkedin.com/company/middleware-labs/,Middleware
Infisical,https://infisical.com,San Francisco,https://www.linkedin.com/company/infisical/,Vlad Matsiiako
Avoca,https://www.avoca.ai/,,https://www.linkedin.com/company/avoca-ai/,Founding Sales and Growth Marketing Lead
Rubbrband,https://rubbrband.com,,https://www.linkedin.com/company/rubbrband/,Jeremy Lee
Sameday,https://www.gosameday.com/,"Lehi, UT",https://www.linkedin.com/company/74740106/admin/,Software Engineer with Conversational AI emphasis
Chima,https://www.withchima.com/,San Francisco,https://www.linkedin.com/company/withchima,AI Application's Engineer
Ivy,https://unify.ai,"London, United Kingdom",https://www.linkedin.com/company/unifyai,ML Engineer intern
OpenSight,https://www.opensight.ai,San Francisco,https://www.linkedin.com/company/opensightai/,Ruoni Wang
Mogara,https://mogara.com,San Francisco,https://www.linkedin.com/company/mogara,Neha Shah
